modo,producto_solicitado,nombre_encontrado,precio,supermercado,url,fecha,stock_status,cantidad,unidad
compra_mes,Lavandina Ayudín,Lavandina Ayudín original 1 l.,"$ 1.279,00",Carrefour,https://www.carrefour.com.ar/lavandina-ayudin-original-1-l/p,2026-09-30,DISPONIBLE,1,L
compra_mes,Leche La Serenísima,Leche La serenisima clásica 3% 1L,"$ 2.915,00",Carrefour,https://www.carrefour.com.ar/leche-la-serenisima-clasica-3-1l-720719/p,2026-09-30,DISPONIBLE,1,L
compra_mes,Coca Cola,"Gaseosa cola Coca Cola sabor original 2,25 lts","$ 5.900,00",Carrefour,https://www.carrefour.com.ar/gaseosa-cola-coca-cola-sabor-original-225-lts-30138/p,2026-09-30,DISPONIBLE,2.25,L
compra_mes,Manaos Naranja,No encontrado,N/D,Carrefour,https://www.carrefour.com.ar/manaos?_q=manaos&map=ft,2026-09-30,NO ENCONTRADO,2.25,L
compra_mes,Manaos Lima Limón,"Gaseosa lima limón Manaos 2,25 lts","$ 2.420,00",Carrefour,https://www.carrefour.com.ar/gaseosa-lima-limon-manaos-225-lts-530791/p,2026-09-30,DISPONIBLE,2.25,L
compra_mes,Manaos Cola,"Gaseosa cola Manaos 2,25 lts","$ 2.420,00",Carrefour,https://www.carrefour.com.ar/gaseosa-cola-manaos-225-lts-530768/p,2026-09-30,DISPONIBLE,2.25,L
compra_mes,Galletitas Criollitas,Galletitas original Criollitas 100 g. x 3 uni,"$ 1.979,00",Carrefour,https://www.carrefour.com.ar/galletitas-original-criollitas-100-g-x-3-uni/p,2026-09-30,DISPONIBLE,300,g
compra_mes,Lavandina Ayudín,Lavandina Liquida AYUDÍN Botella 1 L,"$1.453,99",COTO,https://www.coto.com.ar/productos/lavandina-liquida-ayudin-botella-1-l-/_/R-00005555-00005555-200,2026-09-30,DISPONIBLE,1,L
compra_mes,Leche La Serenísima,Leche Larga Vida Entera Ua Clasica 3% LA SERENISIMA 1l,"$2.915,00",COTO,https://www.coto.com.ar/productos/leche-larga-vida-entera-ua-clasica-3-la-serenisima-1l-/_/R-00251875-00251875-200,2026-09-30,DISPONIBLE,1,L
compra_mes,Coca Cola,"Gaseosa Coca-Cola Sabor Original 2,25 Lt","$5.015,00",COTO,https://www.coto.com.ar/productos/gaseosa-coca-cola-sabor-original-2-25-lt-/_/R-00014450-00014450-200,2026-09-30,DISPONIBLE,2.25,L
compra_mes,Manaos Naranja,No encontrado,N/D,COTO,https://www.coto.com.ar/productos/manaos,2026-09-30,NO ENCONTRADO,2.25,L
compra_mes,Manaos Lima Limón,No encontrado,N/D,COTO,https://www.coto.com.ar/productos/manaos,2026-09-30,NO ENCONTRADO,2.25,L
compra_mes,Manaos Cola,No encontrado,N/D,COTO,https://www.coto.com.ar/productos/manaos,2026-09-30,NO ENCONTRADO,2.25,L
compra_mes,Galletitas Criollitas,Galletitas Crackers CRIOLLITAS 300g,"$2.155,99",COTO,https://www.coto.com.ar/productos/galletitas-crackers-criollitas-300g-/_/R-00099168-00099168-200,2026-09-30,DISPONIBLE,300,g
compra_mes,Lavandina Ayudín,Lavandina Ayudín Original 1 Lt.,$ 1.279,Día %,https://diaonline.supermercadosdia.com.ar/lavandina-ayudin-original-1-lt-15128/p,2026-09-30,DISPONIBLE,1,L
compra_mes,Leche La Serenísima,Leche Larga Vida Clásica 3% La Serenisima 1 Lt.,$ 2.190,Día %,https://diaonline.supermercadosdia.com.ar/leche-larga-vida-clasica-3--la-serenisima-1-lt-295999/p,2026-09-30,DISPONIBLE,1,L
compra_mes,Coca Cola,Gaseosa Coca-Cola Sabor Original 2.25 Lt.,$ 5.900,Día %,https://diaonline.supermercadosdia.com.ar/gaseosa-coca-cola-sabor-original-225-lt-14837/p,2026-09-30,DISPONIBLE,2.25,L
compra_mes,Manaos Naranja,"Gaseosa Manaos Naranja 2,25 Lts.",$ 1.800,Día %,https://diaonline.supermercadosdia.com.ar/gaseosa-manaos-naranja-225-lts-240196/p,2026-09-30,DISPONIBLE,2.25,L
compra_mes,Manaos Lima Limón,"Gaseosa Manaos Lima Limón 2,25 Lts.",$ 2.400,Día %,https://diaonline.supermercadosdia.com.ar/gaseosa-manaos-lima-limon-225-lts-240197/p,2026-09-30,DISPONIBLE,2.25,L
compra_mes,Manaos Cola,"Gaseosa Manaos Cola 2,25 Lts.",$ 2.400,Día %,https://diaonline.supermercadosdia.com.ar/gaseosa-manaos-cola-225-lts-240198/p,2026-09-30,DISPONIBLE,2.25,L
compra_mes,Galletitas Criollitas,Crackers Criollitas 300 Gr.,$ 1.979,Día %,https://diaonline.supermercadosdia.com.ar/crackers-criollitas-300-gr-308625/p,2026-09-30,DISPONIBLE,300,g
